date,mean,median,lower_80,upper_80,infections,test_adjusted_positive,test_adjusted_positive_raw,positive,tests,estado,fecha_estimado
2020-02-20,1.5011675166042615,1.487406837276021,1.2572402211176674,1.7231697627418356,31.52255038703171,0.0,0.0,0.0,0.0,Jalisco,2021-01-04
2020-02-21,1.4977033575103746,1.4855453262033047,1.2506927717402097,1.707020002454693,0.3367638338314258,3.2636207926321132,0.0,0.0,0.0,Jalisco,2021-01-04
2020-02-22,1.4920044533551633,1.4756497914695075,1.243967496922623,1.687870675148876,4.774729893912468,4.530371365181104,0.0,0.0,0.0,Jalisco,2021-01-04
2020-02-23,1.4839104058696566,1.4692043523993528,1.2677923029014992,1.68242548527029,9.066890905560921,5.146740494481215,0.0,0.0,0.0,Jalisco,2021-01-04
2020-02-24,1.4727472216609436,1.463006190231806,1.2695147799406195,1.6539850499903506,9.824046876314851,5.8459502340324985,0.0,0.0,0.0,Jalisco,2021-01-04
2020-02-25,1.4630733648394534,1.452287007321631,1.266156162882546,1.6480379088177095,9.964109798811242,6.597982705090395,0.0,0.0,0.0,Jalisco,2021-01-04
2020-02-26,1.452039238859865,1.4381806885480362,1.268606325482484,1.622441876784037,10.638233833704831,7.313520666408229,0.0,0.0,0.0,Jalisco,2021-01-04
2020-02-27,1.439712678570284,1.4293006680843026,1.2363447275947659,1.5877200730053975,11.54588896952877,8.008447555441986,0.0,0.0,0.0,Jalisco,2021-01-04
2020-02-28,1.4268898311874298,1.422966308150844,1.2491330542498935,1.5763816246672098,12.455870586775488,8.717194419373698,0.0,0.0,0.0,Jalisco,2021-01-04
2020-02-29,1.406789019925329,1.4039223365288462,1.2143781638109696,1.536603853954325,13.378750730550937,9.454998679330822,0.0,0.0,0.0,Jalisco,2021-01-04
2020-03-01,1.3878502373710804,1.3883767297644507,1.2107793515810517,1.5209727223465113,14.35129296456504,10.22727479686194,12.290177121237697,2.0,19.0,Jalisco,2021-01-04
2020-03-02,1.3691843645544681,1.367993890460025,1.2146025547819326,1.503301673755898,15.367341364655353,11.03811228457834,0.0,0.0,16.0,Jalisco,2021-01-04
2020-03-03,1.3446608144102965,1.3383142370407108,1.1876872439336972,1.4619369681097065,16.410922757287313,11.889996805117837,0.0,0.0,23.0,Jalisco,2021-01-04
2020-03-04,1.319041155034463,1.3115420921285907,1.180713911158603,1.4487389564097632,17.476079388703557,12.782759573911951,6.145088560618849,1.0,9.0,Jalisco,2021-01-04
2020-03-05,1.292419434225308,1.2827462582381586,1.1627727483839323,1.4227738110426271,18.550403476752912,13.714376740455993,0.0,0.0,11.0,Jalisco,2021-01-04
2020-03-06,1.2605373760131688,1.2532585121795239,1.1239042346893489,1.3667121265232185,19.61637274329988,14.68087947057098,12.290177121237697,2.0,12.0,Jalisco,2021-01-04
2020-03-07,1.2311032179844383,1.225323657533858,1.0992413767825333,1.3391733033907807,20.658825561857622,15.675973162044475,6.145088560618849,1.0,11.0,Jalisco,2021-01-04
2020-03-08,1.2000911750057712,1.1979305097932413,1.0738226062858407,1.3026575548748913,21.6562842068638,16.691335737813866,18.435265681856546,3.0,22.0,Jalisco,2021-01-04
2020-03-09,1.170337097600909,1.1673767099775074,1.067336825006602,1.2817282189800623,22.59090742412262,17.716315268466296,18.435265681856546,3.0,31.0,Jalisco,2021-01-04
2020-03-10,1.1439424904805957,1.1399657597409556,1.0339809455110731,1.2367882022353023,23.44851414557206,18.73839620407093,24.580354242475394,4.0,36.0,Jalisco,2021-01-04
2020-03-11,1.1177210588064694,1.1178531133762755,1.0297681380941481,1.2169499571967546,24.183116573547704,19.703711936786014,30.725442803094246,5.0,29.0,Jalisco,2021-01-04
2020-03-12,1.095704060394781,1.093860437426565,0.983022775760352,1.1686771868973929,24.86720287508647,20.6866400567678,49.16070848495079,8.0,41.0,Jalisco,2021-01-04
2020-03-13,1.0749674664139328,1.074026058252434,0.9806238299261261,1.1566118693501146,25.44574542843209,21.6166869080777,49.16070848495079,8.0,45.0,Jalisco,2021-01-04
2020-03-14,1.0562775746037474,1.0539162337506274,0.9672467454619498,1.1327894536878582,25.92372708966636,22.48547634946259,49.16070848495079,8.0,49.0,Jalisco,2021-01-04
2020-03-15,1.0419647139870436,1.040917832120799,0.9549609063064732,1.120896568061451,26.313586702818437,23.289258003457096,18.435265681856546,3.0,43.0,Jalisco,2021-01-04
2020-03-16,1.030035106593322,1.0287235657275375,0.9498310033504131,1.1132528331788358,26.618972694141444,24.021557298094105,36.87053136371309,6.0,63.0,Jalisco,2021-01-04
2020-03-17,1.0215499813503468,1.018994964823824,0.9467492251441356,1.108385027621133,26.848178660244496,24.67666598483741,65.6106378626074,12.0,78.0,Jalisco,2021-01-04
2020-03-18,1.0167362323405915,1.014248569816551,0.9470381397169482,1.1038714914496932,27.01501506242375,25.252028585730198,34.11753168855585,6.0,75.0,Jalisco,2021-01-04
2020-03-19,1.0123567686255603,1.012382868176787,0.936931989327839,1.0956537095439531,27.13401676160828,25.748303250656623,0.0,0.0,69.0,Jalisco,2021-01-04
2020-03-20,1.013155951894108,1.0116386848808456,0.9288276536032839,1.0828965506729242,27.221555711268334,26.16889188012103,37.084273574517226,8.0,92.0,Jalisco,2021-01-04
2020-03-21,1.0128955487805187,1.0128284498548645,0.9316569689998692,1.0842195602279243,27.287996243068502,26.519798398121797,47.91788158505035,10.0,89.0,Jalisco,2021-01-04
2020-03-22,1.01508222625838,1.0108302151128699,0.9423652165550659,1.0958474801446567,27.34734824937666,26.808751796258186,28.75072895103021,6.0,89.0,Jalisco,2021-01-04
2020-03-23,1.0200872564626473,1.0156989313190732,0.9375729977821737,1.0936277774226155,27.40935646524146,27.044964847118468,23.47536584074944,6.0,109.0,Jalisco,2021-01-04
2020-03-24,1.0261948803501395,1.0258178188393154,0.9416987839906024,1.1019944894223384,27.479295075078046,27.238412397702913,15.3682575173675,4.0,111.0,Jalisco,2021-01-04
2020-03-25,1.034702769962534,1.029580193645057,0.9565601599084582,1.115706970273578,27.569394951034266,27.39896496194465,18.542136787258613,4.0,92.0,Jalisco,2021-01-04
2020-03-26,1.0428329077272958,1.039061670736765,0.9566794833692251,1.1126512581773238,27.69131236242762,27.536711320004496,11.37251056285195,2.0,75.0,Jalisco,2021-01-04
2020-03-27,1.0505376942661502,1.0490019914033155,0.9669963654764347,1.1216132560933074,27.854723231194885,27.66203134419107,37.49179306434709,8.0,91.0,Jalisco,2021-01-04
2020-03-28,1.057366808290572,1.0540097684061651,0.9893144975099225,1.1429378909569174,28.06411885266205,27.78540490432492,8.529382922138963,2.0,100.0,Jalisco,2021-01-04
2020-03-29,1.0669060193759472,1.0641785790384757,0.9922322003506417,1.1480523359153894,28.317918322406214,27.91676280524622,20.30805457652134,4.0,84.0,Jalisco,2021-01-04
2020-03-30,1.0753650748705956,1.072096391745905,1.0032127005901021,1.162311396775482,28.61325292761432,28.064602904817743,28.431276407129875,8.0,120.0,Jalisco,2021-01-04
2020-03-31,1.0803679234437709,1.0782662254212307,0.9925404091829889,1.1578272520604507,28.956121543519785,28.235627700212415,21.53884576297718,5.0,99.0,Jalisco,2021-01-04
2020-04-01,1.0887072215423625,1.0868617268592073,1.0070636562790087,1.1631770676213313,29.350938284366357,28.435499763838283,9.338740425699594,3.0,137.0,Jalisco,2021-01-04
2020-04-02,1.096794403249619,1.0958355606734145,1.0130201578512226,1.171230251631297,29.788368040615545,28.669413275672948,34.57857941407688,9.0,111.0,Jalisco,2021-01-04
2020-04-03,1.1054080506265844,1.102640542005019,1.026824944516736,1.1772308954406685,30.268824383674,28.940799432404646,25.846614915572616,8.0,132.0,Jalisco,2021-01-04
2020-04-04,1.114962780128714,1.11073707637255,1.0358257935808228,1.1885787943111288,30.801379459639904,29.25193330811262,19.5628048672912,5.0,109.0,Jalisco,2021-01-04
2020-04-05,1.1223525955867892,1.1213277827209756,1.0317016570656046,1.1947132696391884,31.3915230825683,29.60526453066249,18.277249118869207,3.0,70.0,Jalisco,2021-01-04
2020-04-06,1.12978527413208,1.1300329933018811,1.036173036172953,1.2043541922857603,32.04437456629202,30.00364871106352,28.75072895103021,6.0,89.0,Jalisco,2021-01-04
2020-04-07,1.1371177595449218,1.1339596811909813,1.0423106418470889,1.2070983427852886,32.75883505887738,30.450365413465324,50.77013644130334,10.0,84.0,Jalisco,2021-01-04
2020-04-08,1.1472722669392343,1.1438403161278035,1.052062563337188,1.223857811867201,33.53251754609169,30.94844080683183,42.646914610694814,9.0,90.0,Jalisco,2021-01-04
2020-04-09,1.1574776254275607,1.1544184637766124,1.0759392104484733,1.2353869076324724,34.36905881987178,31.500213129861656,36.87053136371309,6.0,66.0,Jalisco,2021-01-04
2020-04-10,1.1678689921497842,1.1619380908425438,1.0826612110679306,1.260728620734297,35.28177076359671,32.10783224089281,36.554498237738414,9.0,105.0,Jalisco,2021-01-04
2020-04-11,1.176813666110772,1.1727752492853796,1.0822112588805397,1.2586494944216586,36.28505794144604,32.7745136547447,23.43237066521693,5.0,91.0,Jalisco,2021-01-04
2020-04-12,1.184970295998022,1.182390746344356,1.0874951283572831,1.2690658192659567,37.38661180418021,33.505149471254924,29.411665248755043,6.0,87.0,Jalisco,2021-01-04
2020-04-13,1.192734567900064,1.1893958279169938,1.0966915347491686,1.2835541305777354,38.586675885518275,34.305728014354976,36.76458156094381,10.0,116.0,Jalisco,2021-01-04
2020-04-14,1.2030154923768455,1.2006883639834176,1.1054023095008625,1.2878272757908504,39.88319048054241,35.18215510531691,46.58906638143131,13.0,119.0,Jalisco,2021-01-04
2020-04-15,1.2099829227695225,1.2077526289306024,1.104629213797292,1.2835287652142306,41.27887157323785,36.13946973215842,25.515248057680658,7.0,117.0,Jalisco,2021-01-04
2020-04-16,1.2156045343401514,1.2164399657964775,1.1343222511025626,1.309314206151723,42.7903656396588,37.182061899832505,57.15565875660129,13.0,97.0,Jalisco,2021-01-04
2020-04-17,1.2221801358973405,1.2216809973056533,1.137623276956881,1.3059358794683968,44.42324700648092,38.31529697569445,30.281832859664956,12.0,169.0,Jalisco,2021-01-04
2020-04-18,1.2231760792416995,1.2229507100905677,1.1394540028863716,1.3091022153864786,46.169938985248855,39.54505097411336,24.292546297231222,9.0,158.0,Jalisco,2021-01-04
2020-04-19,1.2214742314131832,1.221599344022473,1.1413408245404204,1.3089989070507804,48.032852118638836,40.87605887786677,24.603989198477777,12.0,208.0,Jalisco,2021-01-04
2020-04-20,1.2172557747509547,1.2141856462452658,1.1321112813216585,1.2970750182251467,49.997979671907736,42.31226332466568,28.913162447928688,20.0,295.0,Jalisco,2021-01-04
2020-04-21,1.2107576463222502,1.2071544794881095,1.1257427032579668,1.2964156273724365,52.03591906513359,43.85538452037771,47.123662553253936,20.0,181.0,Jalisco,2021-01-04
2020-04-22,1.2045336013226509,1.2011487864124197,1.1190967056504595,1.284566875039317,54.122380230945225,45.50288164514413,37.56463981252911,17.0,193.0,Jalisco,2021-01-04
2020-04-23,1.1962072989353352,1.1976366127274756,1.112030477269132,1.2779434897602169,56.23565150278044,47.24792508776068,45.20179889612814,23.0,217.0,Jalisco,2021-01-04
2020-04-24,1.1877153667067633,1.1864518599956595,1.09604904402606,1.2649439969019014,58.36520557219359,49.08009965628231,55.747600798293874,20.0,153.0,Jalisco,2021-01-04
2020-04-25,1.1772948729930153,1.1757713514902641,1.0959711332311382,1.2637619508720672,60.49905983518405,50.98727745055027,44.308482712410196,16.0,154.0,Jalisco,2021-01-04
2020-04-26,1.1669776338003752,1.166897899734134,1.0812462320046028,1.2456232141146855,62.620117712383895,52.95653077076897,68.53968419575952,18.0,112.0,Jalisco,2021-01-04
2020-04-27,1.1614382786821638,1.1587298536418835,1.078146654048948,1.2383177549260798,64.7069659993859,54.97411430389993,59.70568045497274,21.0,150.0,Jalisco,2021-01-04
2020-04-28,1.1559834694405469,1.1547881112114502,1.0698595514651008,1.228818080781578,66.74478205409574,57.025080606019436,53.68143097849697,18.0,143.0,Jalisco,2021-01-04
2020-04-29,1.1507880101793524,1.1509895950927,1.0821820796920874,1.2304196534637237,68.75647604915065,59.093890611497436,60.02158352616308,19.0,135.0,Jalisco,2021-01-04
2020-04-30,1.14987649925867,1.1487621128832726,1.0840632262829588,1.2250487763161992,70.76550071152475,61.16866811260154,84.2072836262127,31.0,157.0,Jalisco,2021-01-04
2020-05-01,1.1507122033945414,1.149199846200089,1.0759177969466631,1.2231910390393774,72.77368310984117,63.24292422930348,73.43177350185861,26.0,151.0,Jalisco,2021-01-04
2020-05-02,1.1551658006434877,1.1519973054640655,1.0743524618558673,1.2259166686315994,74.80391060498063,65.31357411341496,118.09914815269333,36.0,130.0,Jalisco,2021-01-04
2020-05-03,1.160668780762814,1.1592779049082436,1.0892857847736939,1.2370276911994853,76.89384493602614,67.38180896563395,76.54574417304197,28.0,156.0,Jalisco,2021-01-04
2020-05-04,1.167819944575803,1.1647528391100777,1.095645988396513,1.2471772916658732,79.08626097308183,69.45461851915867,118.73288726841169,49.0,176.0,Jalisco,2021-01-04
2020-05-05,1.1799292082357018,1.1787915462186724,1.0947625882097076,1.257033760621597,81.41776572469973,71.54544713319846,80.68335196617939,35.0,185.0,Jalisco,2021-01-04
2020-05-06,1.1908956438509397,1.1908152341768279,1.1170638671176976,1.2768530582837223,83.91728049186042,73.67318833706292,63.46267055162919,25.0,168.0,Jalisco,2021-01-04
2020-05-07,1.2010249311905747,1.1991687238126607,1.1191117213868829,1.2732836189733985,86.64357629329211,75.86037383018814,55.62641036177584,30.0,230.0,Jalisco,2021-01-04
2020-05-08,1.2114493968551208,1.212190495401626,1.1351312102590272,1.2945477662937932,89.6407062007157,78.13504084802598,42.016664641078634,20.0,203.0,Jalisco,2021-01-04
2020-05-09,1.2215457582683886,1.2191984208025177,1.1430905575928718,1.3059783665869098,92.9147284008128,80.52953414371328,83.10680795930271,38.0,195.0,Jalisco,2021-01-04
2020-05-10,1.230802829029374,1.2293088094096178,1.147305337554975,1.3099192272929372,96.47614282383026,83.07557809853148,68.68229693857218,43.0,267.0,Jalisco,2021-01-04
2020-05-11,1.2360749943392815,1.2348586445965362,1.1530820881567194,1.3192589405081476,100.34611877071161,85.80245269994016,73.58094422267767,49.0,284.0,Jalisco,2021-01-04
2020-05-12,1.2399015358697936,1.2417367569137052,1.1635654755509428,1.3187279951216202,104.53818587161679,88.7374912188069,66.69064836240342,38.0,243.0,Jalisco,2021-01-04
2020-05-13,1.2414644088584534,1.2399008450104199,1.1612362135309804,1.322679372104496,109.03158241684538,91.90574447178282,72.84882211079541,48.0,281.0,Jalisco,2021-01-04
2020-05-14,1.2392438364643616,1.2359473642794114,1.1587500821229268,1.3182444475890498,113.79590072401,95.32648817067208,81.69907013543067,50.0,261.0,Jalisco,2021-01-04
2020-05-15,1.235774970923775,1.232730302884944,1.1545007438314476,1.3234791160219985,118.8051270054781,99.01115203175637,100.83999513858872,48.0,203.0,Jalisco,2021-01-04
2020-05-16,1.2272089422839678,1.224751375270472,1.1478282867615055,1.3132043207362698,124.01404612513761,102.96361147824753,72.1390595404788,34.0,201.0,Jalisco,2021-01-04
2020-05-17,1.2196166363001115,1.2168240972924844,1.1278355223332714,1.2874585304000548,129.37547201253054,107.17912620930507,128.3181501560729,68.0,226.0,Jalisco,2021-01-04
2020-05-18,1.2095584060269635,1.208303972721301,1.1152534607891413,1.2767700595275164,134.81890925581394,111.6444908053139,102.74669196636044,73.0,303.0,Jalisco,2021-01-04
2020-05-19,1.1995004828651599,1.1969233222778626,1.121965620099583,1.28837175166566,140.29662102918522,116.33651922973799,116.84086194710908,80.0,292.0,Jalisco,2021-01-04
2020-05-20,1.187779230479024,1.1873014697025506,1.1051777738487343,1.2617345619057558,145.77213211203454,121.22471997993486,114.14787553791919,72.0,269.0,Jalisco,2021-01-04
2020-05-21,1.1723500334826975,1.1694727121492976,1.0875569852050473,1.236536491591486,151.20194130837922,126.27452449903029,123.41048550347584,79.0,273.0,Jalisco,2021-01-04
2020-05-22,1.1615161510219003,1.1587452183234876,1.0803578792969857,1.2253458916875948,156.53375472252682,131.4484557393798,150.93146734649193,86.0,243.0,Jalisco,2021-01-04
2020-05-23,1.148368121045551,1.1475195137771834,1.0802784458022217,1.2272309685592724,161.6742102896321,136.706046159727,147.05832624377524,90.0,261.0,Jalisco,2021-01-04
2020-05-24,1.1352174021855204,1.1339194762366285,1.0588464528090153,1.207765125412775,166.6043605248587,141.99984418810922,172.68075854637164,132.0,326.0,Jalisco,2021-01-04
2020-05-25,1.121488609271946,1.1207602247402817,1.0460519249958675,1.186194069699585,171.3184005244154,147.28192568756432,134.51356579717358,176.0,558.0,Jalisco,2021-01-04
2020-05-26,1.1103996376883116,1.109890899782141,1.042161012597967,1.1845381940996653,175.765818599828,152.5084558279364,157.86426955340067,134.0,362.0,Jalisco,2021-01-04
2020-05-27,1.0983614763229248,1.0965104381527497,1.0259105158781168,1.1627746627538498,179.9004104867204,157.63673932521255,169.8438169088718,137.0,344.0,Jalisco,2021-01-04
2020-05-28,1.0862101932663588,1.0844625787590028,1.0270472155593044,1.1624920941624288,183.72614121681173,162.62414333685152,188.35720619723543,159.0,360.0,Jalisco,2021-01-04
2020-05-29,1.0756738787730544,1.0768556718531048,1.0021100895580388,1.1356785512663246,187.24418263405332,167.4328225327913,176.43522593077049,175.0,423.0,Jalisco,2021-01-04
2020-05-30,1.0656142324581008,1.0646210114669898,0.9984924628733965,1.1313597174140306,190.42283912803546,172.03117817243128,182.1260809634447,161.0,377.0,Jalisco,2021-01-04
2020-05-31,1.0575153361748155,1.0575537084066196,0.9797553695111443,1.1159843592360785,193.25762951931154,176.39047575600475,166.23125318684805,145.0,372.0,Jalisco,2021-01-04
2020-06-01,1.047513966964741,1.0463307069526735,0.9850010004360794,1.1205466609794443,195.76613384676673,180.4857560166969,217.9569741602801,300.0,587.0,Jalisco,2021-01-04
2020-06-02,1.0401021428468362,1.0413780068722636,0.9712609683775654,1.1061028787921507,197.97911467034834,184.29823266342032,179.08011762932455,194.0,462.0,Jalisco,2021-01-04
2020-06-03,1.0346827300593973,1.0332778548659687,0.9721719983003133,1.0964402736863696,199.885278066598,187.81715711558206,177.5150760445165,164.0,394.0,Jalisco,2021-01-04
2020-06-04,1.0267600287820584,1.0257547672883227,0.9672392158488098,1.1052145791519437,201.49202947560983,191.03550960156804,182.61627538425728,167.0,390.0,Jalisco,2021-01-04
2020-06-05,1.0197861029023374,1.019156291840332,0.9527784987848673,1.0891804022527565,202.86476306146955,193.94950500146723,183.42758972341855,200.0,465.0,Jalisco,2021-01-04
2020-06-06,1.014347887705593,1.0133913521729734,0.9508178948398135,1.0838545552922503,203.99369001995666,196.56404815818328,189.88772198922507,183.0,411.0,Jalisco,2021-01-04
2020-06-07,1.009075793820364,1.0093804531039465,0.9492356880642263,1.0846073427484308,204.84574276044006,198.88671554175573,186.32147160012295,225.0,515.0,Jalisco,2021-01-04
2020-06-08,1.0048981917047237,1.002724566969968,0.9380067659817978,1.0654967567844187,205.45275773595964,200.92210192267873,216.81834739050723,242.0,476.0,Jalisco,2021-01-04
2020-06-09,0.998029275198614,0.9971976644056182,0.9247953268113002,1.051806217385144,205.853965831214,202.67618197701773,199.54060964637023,204.0,436.0,Jalisco,2021-01-04
2020-06-10,0.9926684656963528,0.9910341328688712,0.9152265734608281,1.0431106435756854,206.074028430483,204.15908968007903,207.3386862409356,211.0,434.0,Jalisco,2021-01-04
2020-06-11,0.9887207857076378,0.9883479943664861,0.9259642158573281,1.0572159319638186,206.07483671760832,205.38449625096945,204.09594849403948,201.0,420.0,Jalisco,2021-01-04
2020-06-12,0.9865963274223813,0.983471724206687,0.9156099483350065,1.0467499880017759,205.83385216067586,206.36247641119485,197.00411998641172,176.0,381.0,Jalisco,2021-01-04
2020-06-13,0.9827956923087181,0.9820594487619793,0.9085343126766741,1.04318831501483,205.40272341291237,207.09794066547607,227.450211257039,160.0,300.0,Jalisco,2021-01-04
2020-06-14,0.9818702910193842,0.9810614018582016,0.9180190608635224,1.0515859092681759,204.8529233425327,207.59819070954418,216.23787689929765,180.0,355.0,Jalisco,2021-01-04
2020-06-15,0.9807324213271628,0.9814717389584655,0.9152898426392315,1.0425076027224363,204.1936390471666,207.87843278799295,213.69117813495902,234.0,467.0,Jalisco,2021-01-04
2020-06-16,0.9799891682857588,0.9802001258522322,0.92024224344578,1.0531987706587007,203.45009951961543,207.95706888883095,222.60752131956085,190.0,364.0,Jalisco,2021-01-04
2020-06-17,0.9816305176506869,0.9810697516758824,0.9074082699377247,1.0410512944557788,202.66572384784578,207.85467098699917,197.68099243075005,197.0,425.0,Jalisco,2021-01-04
2020-06-18,0.9812261378146847,0.9802587558229525,0.9229924258425145,1.0566910748014076,201.85757679784686,207.595229054472,193.07807112304616,182.0,402.0,Jalisco,2021-01-04
2020-06-19,0.9813575907772163,0.9819188043392371,0.9075903153486244,1.0383851173100689,201.07250829178503,207.2037218840579,204.32505050249324,172.0,359.0,Jalisco,2021-01-04
2020-06-20,0.982052282119505,0.9815354801276134,0.918268172988484,1.0495470106659541,200.3154920782901,206.70786574511024,205.558128423549,241.0,500.0,Jalisco,2021-01-04
2020-06-21,0.9829362140230878,0.9823917929404445,0.9104149625280366,1.0423307494258047,199.56354685438083,206.13435174373362,236.44377828378416,163.0,294.0,Jalisco,2021-01-04
2020-06-22,0.9831008618385861,0.9802578792232168,0.9205543678203807,1.0472180534537003,198.82711384663864,205.5042434663627,195.7225549766187,190.0,414.0,Jalisco,2021-01-04
2020-06-23,0.9857309450692558,0.9863872661485138,0.9161283168463384,1.0433810269278454,198.12436838280817,204.8348964741391,185.62568893911242,158.0,363.0,Jalisco,2021-01-04
2020-06-24,0.9878916279817145,0.989078262288547,0.9225563131341725,1.051021589236888,197.4508803095082,204.1420325325402,186.38281200229585,177.0,405.0,Jalisco,2021-01-04
2020-06-25,0.9887493001471706,0.9888647605829852,0.9366532293427459,1.062578622494076,196.8358659774588,203.4384909216165,176.46999149253026,168.0,406.0,Jalisco,2021-01-04
2020-06-26,0.991106272889579,0.991937532866876,0.9248454893499529,1.0484019572883077,196.30963285426242,202.7375359912579,203.68675634958717,224.0,469.0,Jalisco,2021-01-04
2020-06-27,0.9936722088495088,0.9917903867799176,0.9252674520542403,1.0559633980779637,195.8481749639592,202.05448387349057,213.23457305347407,157.0,314.0,Jalisco,2021-01-04
2020-06-28,0.9944461864107198,0.9932134022049953,0.9236687725621898,1.0540541913311547,195.4506426134563,201.40152379374973,201.8403592261892,186.0,393.0,Jalisco,2021-01-04
2020-06-29,0.99772125417438,0.9973371620401373,0.9237696551666769,1.049929988990915,195.1388038250448,200.78798406768237,216.29535639873924,212.0,418.0,Jalisco,2021-01-04
2020-06-30,1.0006666116519092,0.9981896857078146,0.9408238592550986,1.0690198939666689,194.89073380844647,200.22315301415588,194.63602002852602,225.0,493.0,Jalisco,2021-01-04
2020-07-01,1.0056316515529964,1.0072758042054137,0.9361163086379674,1.0701244510897558,194.72236560315164,199.71317958218526,192.67266779474622,253.0,560.0,Jalisco,2021-01-04
2020-07-02,1.008766731931136,1.010069116210604,0.9316517958047373,1.0695260607690154,194.67315085767171,199.2637330985846,213.77440741563476,198.0,395.0,Jalisco,2021-01-04
2020-07-03,1.0112129443739761,1.0091180782539262,0.943426016340443,1.0748493805952763,194.7798003742945,198.88370190948532,210.33998608894728,218.0,442.0,Jalisco,2021-01-04
2020-07-04,1.0157128188192184,1.0142709067458195,0.9528743627983041,1.0871342127940042,195.03777297551235,198.58637403373555,223.09213239171254,215.0,411.0,Jalisco,2021-01-04
2020-07-05,1.0217738676849053,1.020568008735958,0.9511905541284867,1.084162895828115,195.4087229034497,198.3853508690941,190.53110076594342,214.0,479.0,Jalisco,2021-01-04
2020-07-06,1.0274456512800405,1.026964079470113,0.9626052560400641,1.0969912900418488,195.91309037615014,198.28897180288052,192.02275688585098,258.0,573.0,Jalisco,2021-01-04
2020-07-07,1.029712760419056,1.0280494559037527,0.9557203146356444,1.0910660532824203,196.61758820165088,198.3042845454788,182.90580445724692,196.0,457.0,Jalisco,2021-01-04
2020-07-08,1.032464672417191,1.0311139208629192,0.967812858444163,1.0973669813419482,197.54799850103709,198.44396268424825,172.3402713719859,177.0,438.0,Jalisco,2021-01-04
2020-07-09,1.0362314921440534,1.0366136491659532,0.9611660514794506,1.0958527641512767,198.63426559633055,198.72472438177772,206.51096038962578,215.0,444.0,Jalisco,2021-01-04
2020-07-10,1.0391927172193167,1.0361823864396942,0.9803586388761806,1.1145413129931139,199.8224296654395,199.15626714011938,194.25557964033763,261.0,573.0,Jalisco,2021-01-04
2020-07-11,1.0414841670783652,1.0397712381813462,0.9825867224554863,1.1153237311933502,201.13569662153992,199.7383526726279,215.11329175879104,229.0,454.0,Jalisco,2021-01-04
2020-07-12,1.0419746267928998,1.040580560054316,0.9737583654238149,1.104438240084215,202.58673086842862,200.4684260480647,204.12198446144527,224.0,468.0,Jalisco,2021-01-04
2020-07-13,1.0442319378232194,1.0450358565519213,0.9702424754755848,1.1083939645149892,204.14889952238138,201.34445872230125,199.90741223763195,285.0,608.0,Jalisco,2021-01-04
2020-07-14,1.0448093001707093,1.0421793027218242,0.977350791798426,1.114915161318132,205.77432002991634,202.36217033760673,179.10236084353758,244.0,581.0,Jalisco,2021-01-04
2020-07-15,1.0429835980043851,1.0425328860697975,0.979067336362786,1.1144431256852492,207.46117124830178,203.51163813935148,182.07221344467408,260.0,609.0,Jalisco,2021-01-04
2020-07-16,1.0413908191214392,1.0414782184340607,0.971992988372774,1.1063331496055921,209.20412178744698,204.78106002514798,194.15132332495304,234.0,514.0,Jalisco,2021-01-04
2020-07-17,1.0380615368660715,1.0369726584977694,0.9622711593629774,1.100383883076858,210.9321874770822,206.15848118389238,189.7132187021867,246.0,553.0,Jalisco,2021-01-04
2020-07-18,1.03415480961929,1.0352119345566309,0.9708605929608616,1.0993358219747835,212.59906776676937,207.62573781516207,217.01980216093222,258.0,507.0,Jalisco,2021-01-04
2020-07-19,1.0295638106469922,1.0266012609987651,0.9575999772817019,1.0841907792921666,214.1707908489753,209.1587186741805,188.94202675624283,210.0,474.0,Jalisco,2021-01-04
2020-07-20,1.0245037680308444,1.0225133606780086,0.9573165542302333,1.0985207177585368,215.603548883346,210.7294895821809,213.92914821000005,308.0,614.0,Jalisco,2021-01-04
2020-07-21,1.021027386998056,1.018819353825465,0.9497253794617389,1.088459515374987,216.8631543993934,212.30659705789026,205.25253021190017,180.0,374.0,Jalisco,2021-01-04
2020-07-22,1.0159885767134436,1.0144672842469196,0.9520717905530531,1.0892325366297226,217.92660271521848,213.85655486596485,222.76460983798685,187.0,358.0,Jalisco,2021-01-04
2020-07-23,1.0123632249586187,1.0131891113290465,0.9355006443615115,1.0776747029732148,218.81588737819587,215.34593975315883,252.96772331188535,191.0,322.0,Jalisco,2021-01-04
2020-07-24,1.010043055394251,1.0086409992636844,0.9352575411649268,1.077446983823168,219.53388350513328,216.74708586145184,246.5013478776733,226.0,391.0,Jalisco,2021-01-04
2020-07-25,1.0070468600500226,1.0063821953906529,0.9304124942258426,1.0673050194485538,220.08266120090835,218.0382391117719,222.9270536468138,184.0,352.0,Jalisco,2021-01-04
2020-07-26,1.0057711789455346,1.0032000345281733,0.9337995794385292,1.0660741671919636,220.50558149388755,219.20279895838203,253.48803837479312,233.0,392.0,Jalisco,2021-01-04
2020-07-27,1.002660440582718,1.0013738445898934,0.9290741915573171,1.0626837995189657,220.8242608504993,220.2326922570691,215.4148856613828,247.0,489.0,Jalisco,2021-01-04
2020-07-28,0.9996957509331333,0.9999649997787674,0.9319311759536649,1.0693077577808028,221.0588072358303,221.12696733126833,196.00349644309233,182.0,396.0,Jalisco,2021-01-04
2020-07-29,0.9996402888698774,0.9967128243165657,0.9252142242874197,1.052409943176398,221.1936317629968,221.89030242753316,211.97283001765467,168.0,338.0,Jalisco,2021-01-04
2020-07-30,0.999369024544216,0.9985303312220657,0.9352663248857357,1.0668223011420637,221.2026016781568,222.52792983922637,210.72593101755086,168.0,340.0,Jalisco,2021-01-04
2020-07-31,0.9981403372717675,0.9972647864725513,0.9280350449468417,1.0602032238187724,221.14668503439498,223.0419848223527,231.1033920244356,194.0,358.0,Jalisco,2021-01-04
2020-08-01,0.9962577454341686,0.995795030974224,0.9274129723453886,1.0580850118078842,221.0854405011825,223.4392079206219,246.11653992620606,247.0,428.0,Jalisco,2021-01-04
2020-08-02,0.9950650451019595,0.9944902693602979,0.931119331921587,1.0637955684701135,220.9964108741153,223.73409288624924,228.08377730510875,192.0,359.0,Jalisco,2021-01-04
2020-08-03,0.9964310550796581,0.9970998559557673,0.9360089022447026,1.0749542875876004,220.8329405151984,223.9410552916207,227.51161790154686,247.0,463.0,Jalisco,2021-01-04
2020-08-04,0.9948817565230373,0.9927472056788456,0.9298584182699536,1.0638503687404488,220.59520123480888,224.06807884909614,214.8875542399351,195.0,387.0,Jalisco,2021-01-04
2020-08-05,0.9932381019872255,0.9931731447849041,0.9127221316254257,1.0472667072750987,220.35220636233345,224.11927307218767,229.26359562924776,236.0,439.0,Jalisco,2021-01-04
2020-08-06,0.9942380259095676,0.9947359480120495,0.9294913043567622,1.0613400062741747,220.10759586713937,224.10375254479948,219.12503087263082,186.0,362.0,Jalisco,2021-01-04
2020-08-07,0.9942881420865998,0.9927486902996181,0.9297643218364319,1.0606111806808933,219.81216288081325,224.03251290127525,217.5862990341572,200.0,392.0,Jalisco,2021-01-04
2020-08-08,0.9946411854904393,0.9928661832274297,0.9243946255148958,1.0545306200557276,219.5025579076429,223.91121091476646,213.7483913017957,208.0,415.0,Jalisco,2021-01-04
2020-08-09,0.9954496045264534,0.9936825512233585,0.9293543048142268,1.0613673723656432,219.21483475016277,223.74617702796445,218.37964318076968,191.0,373.0,Jalisco,2021-01-04
2020-08-10,0.9939984306943758,0.9928528583172438,0.9305820714989159,1.058642434690433,218.94604307144084,223.54719951690615,218.87569932473,291.0,567.0,Jalisco,2021-01-04
2020-08-11,0.9942323323011109,0.9927568171757304,0.9319732088315288,1.0602368982414387,218.6994409451921,223.32442294416623,229.7190412945157,216.0,401.0,Jalisco,2021-01-04
2020-08-12,0.9928989988701713,0.9933606222181615,0.93019704768181,1.057718909853604,218.43860782955045,223.08739685053723,237.31891877025762,202.0,363.0,Jalisco,2021-01-04
2020-08-13,0.9936376604375867,0.9941752937195849,0.9253083855242801,1.05415860017183,218.1534049230939,222.84065566547036,199.01893484990913,161.0,345.0,Jalisco,2021-01-04
2020-08-14,0.9937388465936675,0.9930748632552155,0.9224040493644401,1.053520138308082,217.84361821533628,222.58482451457118,234.85013251368923,201.0,365.0,Jalisco,2021-01-04
2020-08-15,0.9945521791222086,0.9941911715659856,0.9391947418052998,1.0701145145079427,217.5286541275268,222.31855475115375,239.35732701729,197.0,351.0,Jalisco,2021-01-04
2020-08-16,0.9931842187552019,0.9898005155579053,0.9217693106184995,1.0486313127459255,217.23078563542586,222.0417413185245,221.80681719632727,207.0,398.0,Jalisco,2021-01-04
2020-08-17,0.9947846474704205,0.991649046348298,0.9247935540985763,1.0524990472494438,216.95443978975933,221.75720272288675,211.18817599921806,258.0,521.0,Jalisco,2021-01-04
2020-08-18,0.9954194591174037,0.9923534105162422,0.9259773278527738,1.0575450026354039,216.66862253023442,221.46936008435824,207.73883663457008,189.0,388.0,Jalisco,2021-01-04
2020-08-19,0.9961537946543424,0.9925044546524993,0.9249240223300735,1.0613897195516842,216.38960637448093,221.1797418599717,226.0653066756029,185.0,349.0,Jalisco,2021-01-04
2020-08-20,0.9987559514759338,0.9947890365328587,0.9245835597995702,1.0565096949824198,216.15088971736353,220.8899060566932,222.9039212348965,219.0,419.0,Jalisco,2021-01-04
2020-08-21,0.9970661800361679,0.9959962094026262,0.9220804413439009,1.05230711833519,215.9518430906044,220.60473121275794,219.75704234687444,219.0,425.0,Jalisco,2021-01-04
2020-08-22,0.9955612252963317,0.9939712798868803,0.9325683904831943,1.0621394802336837,215.82073151841107,220.3302060219644,244.54047990066,207.0,361.0,Jalisco,2021-01-04
2020-08-23,0.9976718064265904,0.9963785038687938,0.9282284077316558,1.0537200710926826,215.70488531986064,220.07518393762336,222.98243925020432,183.0,350.0,Jalisco,2021-01-04
2020-08-24,0.9996260627682717,0.9983990479578995,0.9282284880273839,1.0540014095086994,215.53201979281778,219.84348787257696,235.83168580480563,287.0,519.0,Jalisco,2021-01-04
2020-08-25,1.001074961374038,0.9983172981995905,0.9417826037960775,1.0610494029118542,215.36645270019085,219.62854844495584,206.9771250857649,215.0,443.0,Jalisco,2021-01-04
2020-08-26,1.001318190555677,1.0018435621729265,0.943988526880513,1.0668662160188898,215.28440007406454,219.42623414303955,199.90741223763195,195.0,416.0,Jalisco,2021-01-04
2020-08-27,1.0049586836024778,1.0041219599937516,0.9430515930799152,1.0749923649459467,215.28038536522175,219.24203839932824,217.99663547898592,206.0,403.0,Jalisco,2021-01-04
2020-08-28,1.006605891484461,1.0047083145144886,0.9377785424076405,1.074531468929121,215.3146796827483,219.08484162970097,213.72252402155985,219.0,437.0,Jalisco,2021-01-04
2020-08-29,1.005777855449312,1.005811232681832,0.9332936544219553,1.0753279267205018,215.42120205581534,218.96004532242458,232.6195342401535,192.0,352.0,Jalisco,2021-01-04
2020-08-30,1.0059270500111352,1.004686596831442,0.9335621218254636,1.0698816141233318,215.62089947336003,218.87434911780363,195.83781301414635,197.0,429.0,Jalisco,2021-01-04
2020-08-31,1.0053775283085258,1.001754103287334,0.9401545901310964,1.0769660278745457,215.8407053649173,218.83657736183872,213.23457305347407,254.0,508.0,Jalisco,2021-01-04
2020-09-01,1.004043970425972,1.0014946007565793,0.9348814073621543,1.0695844828693222,216.04412130850116,218.84815202405505,213.622978468872,275.0,549.0,Jalisco,2021-01-04
2020-09-02,1.0035257078410442,1.001007953956944,0.9314759769815087,1.0648402604638243,216.23286350802354,218.90299106697992,228.46561398586508,210.0,392.0,Jalisco,2021-01-04
2020-09-03,1.0008083838674617,0.9998950706017143,0.93491057887592,1.065794739480503,216.38575284636636,218.99225960001624,213.23457305347407,220.0,440.0,Jalisco,2021-01-04
2020-09-04,0.9974178195424424,0.9946940813023009,0.93536431204241,1.0654897594977533,216.49991652681192,219.10454575856429,214.71880442043562,217.0,431.0,Jalisco,2021-01-04
2020-09-05,0.9955704918562104,0.9952202147510354,0.9269236995620497,1.055179323595993,216.54413896648896,219.22808095594525,225.554792829897,238.0,450.0,Jalisco,2021-01-04
2020-09-06,0.9937818925518875,0.9933162977771303,0.9319138380882517,1.059910189467664,216.46351600729733,219.34892584385315,201.73663038882594,193.0,408.0,Jalisco,2021-01-04
2020-09-07,0.990271309141897,0.9888908693452101,0.928679728669744,1.061239682046639,216.27097714498709,219.44788148283513,228.3673492056561,249.0,465.0,Jalisco,2021-01-04
2020-09-08,0.9877450741360925,0.9866767243776212,0.9245672359692,1.0555209229433775,215.99956728225976,219.5064882020698,217.01341358859895,201.0,395.0,Jalisco,2021-01-04
2020-09-09,0.9840432663363485,0.9836039222112323,0.9195665369725051,1.0470144764304214,215.61941553020318,219.5119497034807,215.44425774832874,195.0,386.0,Jalisco,2021-01-04
2020-09-10,0.9826526667878612,0.9798150047032108,0.9197113037954875,1.0477265390476056,215.11255848106515,219.4524176376143,242.20408075116208,255.0,449.0,Jalisco,2021-01-04
2020-09-11,0.9802678501566264,0.9787822364592006,0.9123100038332259,1.0404152566425116,214.4748261789681,219.31576186211117,238.82272181989097,182.0,325.0,Jalisco,2021-01-04
2020-09-12,0.9752754749590862,0.9719992160919797,0.9185625354700141,1.0492023428463548,213.73241459793647,219.09059743204418,214.42582765153819,180.0,358.0,Jalisco,2021-01-04
2020-09-13,0.9753549095459723,0.9726931393238873,0.9197075704844694,1.0487582828369881,212.90378618795444,218.76981183536685,206.07165457880956,187.0,387.0,Jalisco,2021-01-04
2020-09-14,0.9748820485722343,0.9737743647059756,0.9097843045114151,1.033417526633741,211.93370136279512,218.35082357804052,229.0108779810581,225.0,419.0,Jalisco,2021-01-04
2020-09-15,0.973323961041752,0.9721323072188024,0.90985979142619,1.0336079811723038,210.8705604687916,217.82769012129208,225.7777832330902,207.0,391.0,Jalisco,2021-01-04
2020-09-16,0.9745172709854465,0.9729216254274716,0.9066840700698292,1.0320136432027602,209.79760726122893,217.19850683015713,224.21413101557707,194.0,369.0,Jalisco,2021-01-04
2020-09-17,0.976957719745185,0.977513857208703,0.9117379718094561,1.0403299417521998,208.70398436168836,216.47218090543095,229.93958568899967,234.0,434.0,Jalisco,2021-01-04
2020-09-18,0.9782780460491858,0.9741480625471619,0.9170366731226526,1.0470983774640925,207.61296410676226,215.66066319803298,201.77034869576042,220.0,465.0,Jalisco,2021-01-04
2020-09-19,0.9812129465072394,0.9790622767274242,0.9205294641992456,1.0507980286538836,206.59747701065103,214.77847633887538,200.48446456161685,228.0,485.0,Jalisco,2021-01-04
2020-09-20,0.9830993077069188,0.980681698387937,0.9155906440625504,1.0425677205827673,205.67178787668172,213.84752936759827,231.20836848326883,283.0,522.0,Jalisco,2021-01-04
2020-09-21,0.9887246619323221,0.9866594280469846,0.92069182576331,1.0480023012336885,204.8433995079061,212.89248092298772,224.37061458624737,272.0,517.0,Jalisco,2021-01-04
2020-09-22,0.9917691372286067,0.9911972715342393,0.9336152875641592,1.062438931788898,204.12165160177867,211.93748762375787,219.60710052403766,224.0,435.0,Jalisco,2021-01-04
2020-09-23,0.9971528458844853,0.994492175142344,0.9292520378516544,1.0569208501414167,203.56116219824483,211.00498101432092,227.450211257039,232.0,435.0,Jalisco,2021-01-04
2020-09-24,1.002350073103824,1.0006200642411676,0.9374274295836997,1.0584437173900623,203.1767363943955,210.1199284963376,198.9575282054013,216.0,463.0,Jalisco,2021-01-04
2020-09-25,1.0073359585312947,1.0085667545710666,0.9449156330990192,1.0708378574861466,202.96827228762018,209.3075595087924,214.50634983112897,253.0,503.0,Jalisco,2021-01-04
2020-09-26,1.01288916846108,1.0134581139777223,0.9456054396623116,1.0720839442764505,202.96218950686261,208.5906818583063,209.80321210778598,214.0,435.0,Jalisco,2021-01-04
2020-09-27,1.0158569054361966,1.0152997364583882,0.946697069834823,1.0785737759059562,203.1611922376709,207.99129599705063,185.66113688276621,202.0,464.0,Jalisco,2021-01-04
2020-09-28,1.0197531720019763,1.0188728214669658,0.9454877104055371,1.0763417379921312,203.5623041974796,207.52904890505965,206.07371052555888,259.0,536.0,Jalisco,2021-01-04
2020-09-29,1.0237759479763684,1.0216595116495493,0.9559546247606232,1.0873975482746252,204.1224858381937,207.22023112553904,209.9540411603437,224.0,455.0,Jalisco,2021-01-04
2020-09-30,1.0266283637169793,1.0247620109159281,0.9650376810484756,1.0969652173966935,204.81592043187155,207.07343111585513,197.7692084144309,211.0,455.0,Jalisco,2021-01-04
2020-10-01,1.02891828551227,1.0257064518731895,0.9567559264325461,1.0935342541522999,205.6568689180658,207.09002097989364,184.33464923303987,236.0,546.0,Jalisco,2021-01-04
2020-10-02,1.027458226326888,1.024898015392765,0.9482866335635234,1.0918977274814101,206.63198620317854,207.26927816911228,189.71898462327786,238.0,535.0,Jalisco,2021-01-04
2020-10-03,1.0247029974949529,1.021730168706378,0.9615723555558574,1.108055587605099,207.70650807230575,207.60822901416972,181.1993320313559,181.0,426.0,Jalisco,2021-01-04
2020-10-04,1.020645363311717,1.0193395881898744,0.945168673933471,1.0897021143810022,208.79208445123874,208.09963381763262,183.15727538066827,204.0,475.0,Jalisco,2021-01-04
2020-10-05,1.0177798506769473,1.0173009198872824,0.9512375352631074,1.0892594263953557,209.7920613996227,208.72570917643532,205.75890354742575,289.0,599.0,Jalisco,2021-01-04
2020-10-06,1.0152655841321325,1.0136387857703995,0.9430458502024357,1.079537486542068,210.6513402342372,209.45539127999845,205.63714170952605,203.0,421.0,Jalisco,2021-01-04
2020-10-07,1.0118517301142311,1.0080638864418927,0.9447337745857236,1.0787153579311044,211.37280376223697,210.24887330601914,212.23814981490645,213.0,428.0,Jalisco,2021-01-04
2020-10-08,1.0083803351828413,1.0042504316381944,0.944970918165675,1.0752185872759943,211.98700417325227,211.06657097038308,221.41738962663223,230.0,443.0,Jalisco,2021-01-04
2020-10-09,1.0045981400791404,1.002177207700562,0.9422830306909918,1.0708340293765224,212.48688635447763,211.8761953811232,224.5114014361097,219.0,416.0,Jalisco,2021-01-04
2020-10-10,0.9976270756367122,0.9957792791655928,0.9309244775320299,1.061660072668093,212.85183887856007,212.6515532685179,232.68382930213255,329.0,603.0,Jalisco,2021-01-04
2020-10-11,0.9947534424937591,0.9923060285339316,0.9416349012296092,1.0702488465876154,213.06406278187987,213.36984646952666,226.99164228273045,198.0,372.0,Jalisco,2021-01-04
2020-10-12,0.99098892697964,0.9900233340215787,0.9266805011579731,1.0480240939556345,213.05880998981124,214.01031885481774,214.77975111907895,278.0,552.0,Jalisco,2021-01-04
2020-10-13,0.9906499165729832,0.988153917698033,0.9214361844234453,1.048994505528657,212.85018190072577,214.54850299085243,229.8444240071131,256.0,475.0,Jalisco,2021-01-04
2020-10-14,0.9900540431649983,0.9887283520570127,0.9207794689490397,1.0518521602093345,212.49759794632877,214.96210593455856,226.4698224154138,231.0,435.0,Jalisco,2021-01-04
2020-10-15,0.9886119728035747,0.9869429916765635,0.9213116427376598,1.0501010580841992,212.0723861597528,215.23832901691196,223.69513701458789,278.0,530.0,Jalisco,2021-01-04
2020-10-16,0.9893844783573705,0.9864660866133524,0.9224597776823542,1.0570188240800809,211.62714887657788,215.3775570711837,217.5862990341572,250.0,490.0,Jalisco,2021-01-04
2020-10-17,0.9913619893838181,0.98850947770572,0.9306457632391238,1.0665248229789153,211.1501058773699,215.39184276610402,242.91390334999613,266.0,467.0,Jalisco,2021-01-04
2020-10-18,0.994738694647298,0.9966691508946215,0.9281393235355654,1.0641093957753656,210.66618056268413,215.29628230105678,216.99017218748827,260.0,511.0,Jalisco,2021-01-04
2020-10-19,0.9972952576590285,0.9977204799245847,0.9366341296647451,1.0624056826013193,210.24444678949104,215.10842868777686,221.86256155852791,270.0,519.0,Jalisco,2021-01-04
2020-10-20,1.0007803891115075,0.999610064520924,0.9349557556244357,1.0668526281749366,209.94371873712203,214.85234116239934,212.8330013528084,265.0,531.0,Jalisco,2021-01-04
2020-10-21,1.0057244124026063,1.0056962743915212,0.9443268981503601,1.0722703470825525,209.77328193236448,214.55877701296066,202.2322977853587,193.0,407.0,Jalisco,2021-01-04
2020-10-22,1.0101760201543895,1.0083615951566425,0.9549174292196994,1.0836385706127514,209.73398315485247,214.25951638569362,214.21271329683864,219.0,436.0,Jalisco,2021-01-04
2020-10-23,1.0154421904100388,1.0146798216233122,0.9527891386413823,1.0764452276033913,209.8643610385448,213.98366565106969,205.09584889112773,189.0,393.0,Jalisco,2021-01-04
2020-10-24,1.0227417407221322,1.0221814502671625,0.9605131667566833,1.0919089238123314,210.1865904826978,213.76015329911982,213.23457305347407,231.0,462.0,Jalisco,2021-01-04
2020-10-25,1.0275299836790583,1.0264270844359302,0.9577007738855067,1.0917675184099072,210.71607224370234,213.61724673664162,213.64862076814103,258.0,515.0,Jalisco,2021-01-04
2020-10-26,1.0329863931439318,1.033087086236945,0.956948608687707,1.0897016144926404,211.50011617159487,213.58161240466904,220.5039334984789,273.0,528.0,Jalisco,2021-01-04
2020-10-27,1.0363511454032563,1.0376376153550657,0.962224848702656,1.0960960593698592,212.5282749043838,213.68129635260624,211.5943071069089,258.0,520.0,Jalisco,2021-01-04
2020-10-28,1.0405380313841983,1.039887560393035,0.9698085177358952,1.1058979219632095,213.77174451596332,213.94105306157022,192.57060411839512,219.0,485.0,Jalisco,2021-01-04
2020-10-29,1.0426841695991806,1.0418216381466352,0.9636962950352004,1.1015404498380574,215.19729276019717,214.37859069680053,190.867310145767,192.0,429.0,Jalisco,2021-01-04
2020-10-30,1.0456967344951928,1.0457064558042997,0.9702477662933073,1.10810695556637,216.78633484863298,215.0030476090162,214.0978709200873,248.0,494.0,Jalisco,2021-01-04
2020-10-31,1.0433537942428779,1.044270080587709,0.9744107837652154,1.1105274443924558,218.50999517472948,215.81666608119252,219.21311248487984,220.0,428.0,Jalisco,2021-01-04
2020-11-01,1.0436319701748773,1.0426919715291811,0.9785430127097988,1.114607095476198,220.34612767922175,216.81530681373815,201.25510265721147,252.0,534.0,Jalisco,2021-01-04
2020-11-02,1.04246018466037,1.041840936220285,0.9712811090668575,1.1057665461170547,222.20305484186727,217.98988889398518,206.3001153931985,238.0,492.0,Jalisco,2021-01-04
2020-11-03,1.0399300180569093,1.0385634724467097,0.9726859977851093,1.1082273251873336,224.03106172452044,219.32038820168955,182.37773418828453,198.0,463.0,Jalisco,2021-01-04
2020-11-04,1.0360516250344962,1.0323688759587366,0.9623384244693022,1.102922989519801,225.83652285264785,220.77842936162355,178.18231446934135,183.0,438.0,Jalisco,2021-01-04
2020-11-05,1.0305518408756835,1.0275791246468307,0.9554298629215598,1.088119726059333,227.57349848225084,222.3352599527957,208.96038339315945,220.0,449.0,Jalisco,2021-01-04
2020-11-06,1.0232763728471463,1.0199970474277353,0.9495314474195745,1.084440241469175,229.17327289695086,223.96024289826093,224.9262859363016,202.0,383.0,Jalisco,2021-01-04
2020-11-07,1.0176918560726549,1.0139860593703087,0.9513474933288315,1.077188478923869,230.56788511428263,225.61780477452524,254.42761557516792,210.0,352.0,Jalisco,2021-01-04
2020-11-08,1.0107078765794577,1.0084274616379671,0.947943187395225,1.0725925946737176,231.68671249602278,227.2665343714137,252.48670839167573,238.0,402.0,Jalisco,2021-01-04
2020-11-09,1.0071898489633926,1.007182767315545,0.9365823228003785,1.0611812054479441,232.52131964746684,228.85914097598766,251.3820425446919,257.0,436.0,Jalisco,2021-01-04
2020-11-10,1.0031889767402575,1.004144872673122,0.9389528717013818,1.0631273201855551,233.07665058345887,230.3495325976551,247.94717796915592,300.0,516.0,Jalisco,2021-01-04
2020-11-11,1.0009566779770214,0.998911150469731,0.9323445203109864,1.060636668765781,233.40564976688853,231.69744007275747,256.9476605294363,241.0,400.0,Jalisco,2021-01-04
2020-11-12,1.0008753467192855,0.9992096061840336,0.938024936931064,1.0700645912793598,233.56509677340028,232.8749025290607,253.3593583054719,221.0,372.0,Jalisco,2021-01-04
2020-11-13,1.001774379495719,0.9982390975035815,0.9289564888979462,1.0604306333791278,233.59872910516324,233.86853408658604,264.7405085736369,257.0,414.0,Jalisco,2021-01-04
2020-11-14,1.0041402024759467,1.0020393074951661,0.9433629655861295,1.0771903347084668,233.5904534663159,234.6777192623811,257.8397643554763,237.0,392.0,Jalisco,2021-01-04
2020-11-15,1.0055915971203215,1.0053687993917901,0.9293384496387983,1.0615035064187697,233.61487166923825,235.31654048917102,239.88889468515833,288.0,512.0,Jalisco,2021-01-04
2020-11-16,1.0108018350889925,1.0071555953640434,0.9478126109100241,1.0810484448346631,233.72552672984347,235.81235659624625,222.17254916948795,261.0,501.0,Jalisco,2021-01-04
2020-11-17,1.0132762418864991,1.0139689921203139,0.9472523059935896,1.0787793829320882,233.93411590031386,236.20155272102224,234.03794603430083,270.0,492.0,Jalisco,2021-01-04
2020-11-18,1.017483171635107,1.0161986827113667,0.9359150570910412,1.0725855932572537,234.29971655928335,236.52225548064308,228.89586937943545,285.0,531.0,Jalisco,2021-01-04
2020-11-19,1.020870913111729,1.0198018598577678,0.9459763411307399,1.0760846602984913,234.83733518540072,236.81558273166854,242.93668613992472,274.0,481.0,Jalisco,2021-01-04
2020-11-20,1.0239408779014862,1.0229129007536013,0.9515533260329653,1.083064596844996,235.53658284899208,237.12146006387644,219.90808428167517,346.0,671.0,Jalisco,2021-01-04
2020-11-21,1.0274983458662597,1.0273930742475903,0.9634869610593743,1.0910595532273988,236.40243722843803,237.47408830117888,225.6652880745286,236.0,446.0,Jalisco,2021-01-04
2020-11-22,1.0286481851494103,1.026915793942909,0.9548076922441362,1.0884173038228067,237.41944257467316,237.9020720953721,216.03109204433932,309.0,610.0,Jalisco,2021-01-04
2020-11-23,1.0327880706353545,1.0321315092100085,0.9601134887015725,1.0977616812638167,238.58553691460534,238.42685919448286,252.3569492665908,358.0,605.0,Jalisco,2021-01-04
2020-11-24,1.0377122792342097,1.035928692581174,0.9597244506402266,1.1048189974264393,239.86317821000816,239.06407512735302,237.74429409410328,291.0,522.0,Jalisco,2021-01-04
2020-11-25,1.041650128710737,1.0392484753282933,0.971715921711176,1.1181866428092935,241.27435319288335,239.82120777327518,228.23048642430157,312.0,583.0,Jalisco,2021-01-04
2020-11-26,1.0442716458542487,1.0420952008394897,0.9714737299166273,1.1084256926791594,242.89413141066413,240.7034629689182,241.31484604817024,275.0,486.0,Jalisco,2021-01-04
2020-11-27,1.0455859608460456,1.0437948199370046,0.9684131426704691,1.1062084937411576,244.731874911537,241.72229421850028,241.66584946060394,323.0,570.0,Jalisco,2021-01-04
2020-11-28,1.048562144048021,1.0512193904605347,0.9840716652600415,1.1216095342322523,246.73835095413,242.89201296641357,222.66331267828753,307.0,588.0,Jalisco,2021-01-04
2020-11-29,1.0482984906987725,1.0488419979214938,0.9829196998659787,1.1190235135886903,248.85346330125128,244.2216578652598,241.4402044097537,321.0,567.0,Jalisco,2021-01-04
2020-11-30,1.0486239377069029,1.0500293394362967,0.9790750324188465,1.1138033402279661,251.0817502540161,245.71056478598123,226.13925903077364,368.0,694.0,Jalisco,2021-01-04
2020-12-01,1.0492970569481914,1.0465859494697196,0.9832757356846711,1.1201429944942538,253.38413480024965,247.3539330130445,236.57209004433403,370.0,667.0,Jalisco,2021-01-04
2020-12-02,1.0461241804881556,1.046490868048355,0.9773718676195572,1.1125166805149724,255.71191102199134,249.1414714877356,260.88744603833624,271.0,443.0,Jalisco,2021-01-04
2020-12-03,1.044717006226877,1.044518759651309,0.9777558999034222,1.116232853641031,258.07245810731024,251.05629317275094,248.34548668878506,290.0,498.0,Jalisco,2021-01-04
2020-12-04,1.0446606024787417,1.0432111106385202,0.9790532018518667,1.120436678232203,260.3918758478157,253.08080677043242,267.83086470484665,260.0,414.0,Jalisco,2021-01-04
2020-12-05,1.0396592052305034,1.0398312383368784,0.9706935623278868,1.10888067596486,262.6237361183618,255.19125040672927,253.6199088590563,314.0,528.0,Jalisco,2021-01-04
2020-12-06,1.0350028800359738,1.0342280185056507,0.9721987305061865,1.102703000176241,264.81711688724266,257.3585188219852,249.64047576992084,312.0,533.0,Jalisco,2021-01-04
2020-12-07,1.0286687764759364,1.0263240915835716,0.9620936049554937,1.091717867073909,266.89542454187944,259.5590628689077,240.52859840431873,282.0,500.0,Jalisco,2021-01-04
2020-12-08,1.0212414623862793,1.0201365540259284,0.9629989770809484,1.0946339659600766,268.7464853793913,261.7664358865884,256.81878249077755,274.0,455.0,Jalisco,2021-01-04
2020-12-09,1.0114166292376339,1.0092189883416347,0.9491565615213359,1.079086080238863,270.30956546990274,263.9438699173703,263.62081432319854,327.0,529.0,Jalisco,2021-01-04
2020-12-10,0.9990313849859338,0.9995511053195689,0.9414670728696147,1.0664472749946965,271.513638989279,266.04714330032505,255.74211866217314,367.0,612.0,Jalisco,2021-01-04
2020-12-11,0.9828792663767955,0.9815484781984141,0.922874911682007,1.05164829683991,272.25652919768777,268.0256652682508,282.9934473006663,286.0,431.0,Jalisco,2021-01-04
2020-12-12,0.9694438700462905,0.9658893197304652,0.9063613789283353,1.035163991747814,272.40050178696345,269.820441838118,250.10972478452595,312.0,532.0,Jalisco,2021-01-04
2020-12-13,0.9536234562855813,0.9497920213550117,0.8912668577159619,1.0254958284707685,271.7776259460442,271.36023019964387,253.32267278752718,297.0,500.0,Jalisco,2021-01-04
2020-12-14,0.9378341249657508,0.9357988329296503,0.8638839855888264,1.003064398262026,270.35420264757585,272.5578858142719,253.12539454306958,349.0,588.0,Jalisco,2021-01-04
2020-12-15,0.9200011619132075,0.9170719452563567,0.8450134954128076,0.9850522760014929,268.1406690924573,273.3240487970109,267.53207816489834,372.0,593.0,Jalisco,2021-01-04
2020-12-16,0.8987970384460072,0.8990492359309714,0.81813201938012,0.9578629442047372,265.1086070358204,273.57850880878146,266.77805615500716,284.0,454.0,Jalisco,2021-01-04
2020-12-17,0.8795810528851514,0.877997691238656,0.8042951879634742,0.944925917575553,261.20800083092826,273.25072563819214,255.2270593069715,234.0,391.0,Jalisco,2021-01-04
2020-12-18,0.8629022038017928,0.8604694704907534,0.7967548524445808,0.9374933705293015,256.3380280872698,272.27678293840563,284.3127640712987,314.0,471.0,Jalisco,2021-01-04
2020-12-19,0.8460507569603489,0.8446027857109863,0.7754888363716442,0.9163520046630337,250.50773103426164,270.59194557021243,289.0711366917389,324.0,478.0,Jalisco,2021-01-04
2020-12-20,0.8277178245098565,0.824284681382196,0.7419624153512347,0.8870097515659775,243.8750443010756,268.13848059039066,266.7146267453422,389.0,622.0,Jalisco,2021-01-04
2020-12-21,0.8126529808627665,0.8090138776389204,0.7286051505921312,0.8768241466723876,236.5726524339464,264.8842763364259,276.90581831393024,324.0,499.0,Jalisco,2021-01-04
2020-12-22,0.8016400092748361,0.7975855973806092,0.7224461169263694,0.8719988737682041,228.6395174079709,260.82646598966414,293.33283907356076,271.0,394.0,Jalisco,2021-01-04
2020-12-23,0.7898810783269739,0.7883095901652758,0.7057339108131716,0.8650134021630512,220.18431426070902,255.98026547674453,294.1166524875505,280.0,406.0,Jalisco,2021-01-04
2020-12-24,0.7827673153304078,0.7792495859521729,0.7130466993940892,0.8776137172960592,211.43124830430776,250.37911701716322,297.2025914579509,269.0,386.0,Jalisco,2021-01-04
2020-12-25,0.7745561947982342,0.771544634506331,0.6941270718592243,0.8657736947411117,202.53197708865338,244.0848401772515,281.1062291381638,263.0,399.0,Jalisco,2021-01-04
2020-12-26,0.7705001092104854,0.7643520816160273,0.6727010451975972,0.8549803737179731,193.62282785264122,237.18200931472882,259.5024521122468,258.0,424.0,Jalisco,2021-01-04
2020-12-27,0.7666251611624846,0.7617208942892689,0.6663934403378441,0.8540010750011109,184.80558514144934,229.77152894743756,273.4535959991311,277.0,432.0,Jalisco,2021-01-04
2020-12-28,0.7654935652706618,0.7630688511861612,0.6576682608624648,0.8580224993129856,176.17690583166717,221.96229368394506,255.7007803988693,283.0,472.0,Jalisco,2021-01-04
2020-12-29,0.7633039529624286,0.760634362458148,0.6723434355531772,0.8763781809201125,167.826697597237,213.86580756515502,256.9521215037679,144.0,239.0,Jalisco,2021-01-04
2020-12-30,0.7626467234769594,0.7594092731371971,0.6488061362536551,0.8631759883981284,159.8190319387474,205.59276941473502,228.768217448098,81.0,151.0,Jalisco,2021-01-04
2020-12-31,0.7631461915796153,0.7577537571997074,0.6398189592042999,0.8693779041012004,152.17312440884902,197.24892328074841,276.5289852278482,45.0,59.0,Jalisco,2021-01-04
2021-01-01,0.7644004345679279,0.7610327749453373,0.6402791473777177,0.8825127393949384,144.88684166491362,188.92898124943702,122.90177121237699,20.0,42.0,Jalisco,2021-01-04
2021-01-02,0.7630179275830702,0.7558415995323418,0.6328765877378489,0.8751353107726055,137.98518694453824,180.71266722495128,67.59597416680734,11.0,17.0,Jalisco,2021-01-04
2021-01-03,0.763416482772875,0.7555880096206964,0.6466882351661329,0.9013695669503786,131.48413049078314,172.66700744834063,12.290177121237697,2.0,3.0,Jalisco,2021-01-04
